{"lr-Adam": 9.940239103050514e-05, "trainer/global_step": 999, "_timestamp": 1655162663, "_runtime": 498, "_step": 41, "Train NLL loss": 4.725022315979004, "Train Metric loss": 0.0, "epoch": 1, "Precision": 0.4282640814781189, "Matching Score": 0.011054687201976776, "AUC@5.0deg": 0.042749516665935516, "AUC@10.0deg": 0.06251601874828339, "AUC@20.0deg": 0.09516974538564682, "_wandb": {"runtime": 497}}