{"lr-Adam": 9.99706042332023e-05, "trainer/global_step": 49, "_timestamp": 1655156089, "_runtime": 22, "_step": 1, "Train NLL loss": 8.140182495117188, "Train Metric loss": 0.0, "epoch": 0}