{"lr-Adam": 7.056788400382732e-05, "trainer/global_step": 58099, "_timestamp": 1654876624, "_runtime": 61342, "_step": 2328, "Train NLL loss": NaN, "Train Metric loss": 0.0, "epoch": 5, "Precision": 0.784485936164856, "Matching Score": 0.09828510135412216, "AUC@5.0deg": 0.26926758885383606, "AUC@10.0deg": 0.3815886378288269, "AUC@20.0deg": 0.49947747588157654, "_wandb": {"runtime": 61392}}