{"lr-Adam": 9.96711409416498e-05, "trainer/global_step": 549, "_timestamp": 1655157508, "_runtime": 194, "_step": 21, "Train NLL loss": 3.7262232303619385, "Train Metric loss": 0.0, "epoch": 0}