{"lr-Adam": 9.988067089566529e-05, "trainer/global_step": 199, "_timestamp": 1655142714, "_runtime": 377, "_step": 7, "Train NLL loss": 7.560732841491699, "Train Metric loss": 0.0, "epoch": 0, "_wandb": {"runtime": 441}}