{"lr-Adam": 9.955160694865835e-05, "trainer/global_step": 749, "_timestamp": 1655160069, "_runtime": 271, "_step": 29, "Train NLL loss": 3.2877070903778076, "Train Metric loss": 0.0, "epoch": 0}